"","hl.dnCaf1","hl.GFP","m6a.enrich","TPU.length","ARE.cts","tAI"
"hl.dnCaf1",1,0.614910298630559,-0.383277802304326,-0.151493299406504,-0.171256372278157,0.163423014504136
"hl.GFP",0.614910298630559,1,-0.418275574247689,-0.129862814128586,-0.164898890057942,0.169747695994539
"m6a.enrich",-0.383277802304326,-0.418275574247689,1,0.282676957172541,0.292447708320717,-0.12911456045198
"TPU.length",-0.151493299406504,-0.129862814128586,0.282676957172541,1,0.748777421975833,-0.0922936039592758
"ARE.cts",-0.171256372278157,-0.164898890057942,0.292447708320717,0.748777421975833,1,-0.205789711583507
"tAI",0.163423014504136,0.169747695994539,-0.12911456045198,-0.0922936039592758,-0.205789711583507,1
